{
    "rmse": 0.8493911926707736,
    "mae": 0.6371715819721346,
    "r2": 0.04478935385622396
}