{
    "rmse": 0.8493893875719988,
    "mae": 0.6371415090449551,
    "r2": 0.04479341381764035
}