{
    "rmse": 0.8493970423993599,
    "mae": 0.6372512546495702,
    "r2": 0.0447761968037087
}