{
    "rmse": 0.8493893311107504,
    "mae": 0.6371405044631849,
    "r2": 0.04479354080805331
}